Refund Transaction ID,Policy Number,Client Number,Refund Amount,Refund Processed By,Refund Processed Date,Refund Reason
RT000001,PET000445,CL000043,25.59,DH001,2025-04-04,Customer account correction
RT000002,PET002396,CL000156,47.49,FIN002,2026-04-20,Refund due following policy review
RT000003,PET000763,CL000053,16.41,FIN001,2025-06-29,Refund due following policy review
RT000004,PET000653,CL000124,97.63,DH002,2025-06-27,Customer account correction
RT000005,PET002676,CL000117,78.62,DH002,2026-06-09,Missed cancellation refund
RT000006,PET001399,CL000074,31.23,FIN002,2025-10-14,Customer account correction
RT000007,PET002768,CL000041,40.41,DH001,2026-07-16,Customer account correction
RT000008,PET001686,CL000035,41.92,FIN001,2025-12-08,Refund due following policy review
RT000009,PET000791,CL000007,25.29,DH001,2025-06-09,Refund due following policy review
RT000010,PET002663,CL000141,56.02,DH001,2026-06-08,Refund due following policy review
RT000011,PET001319,CL000026,84.29,FIN001,2025-10-30,Premium collected after cancellation
RT000012,PET001151,CL000177,10.09,FIN002,2025-08-23,Customer account correction
RT000013,PET001465,CL000103,96.12,FIN001,2025-11-26,Missed cancellation refund
RT000014,PET000596,CL000198,28.96,FIN002,2025-05-25,Premium collected after cancellation
RT000015,PET002212,CL000025,22.45,FIN001,2026-03-29,Refund due following policy review
RT000016,PET000298,CL000078,14.05,FIN002,2025-03-04,Customer account correction
RT000017,PET001224,CL000177,19.58,FIN001,2025-09-27,Premium collected after cancellation
RT000018,PET000241,CL000012,113.79,DH001,2025-03-02,Premium collected after cancellation
RT000019,PET001712,CL000162,169.2,FIN002,2025-12-15,Missed cancellation refund
RT000020,PET001393,CL000028,20.45,DH002,2025-10-18,Missed cancellation refund
RT000021,PET000614,CL000078,99.35,FIN001,2025-05-11,Missed cancellation refund
RT000022,PET002175,CL000160,221.76,DH002,2026-03-05,Missed cancellation refund
RT000023,PET001596,CL000098,59.63,DH001,2025-11-06,Customer account correction
RT000024,PET002439,CL000169,133.59,FIN002,2026-05-25,Customer account correction
RT000025,PET001380,CL000197,0.66,FIN002,2025-10-10,Customer account correction
RT000026,PET000523,CL000135,113.23,FIN001,2025-05-10,Missed cancellation refund
RT000027,PET002501,CL000060,0.83,DH002,2026-05-28,Missed cancellation refund
RT000028,PET001540,CL000119,97.27,FIN002,2025-11-05,Premium collected after cancellation
RT000029,PET002742,CL000055,283.1,FIN001,2026-07-28,Refund due following policy review
RT000030,PET000646,CL000157,53.3,DH002,2025-06-28,Premium collected after cancellation
RT000031,PET001253,CL000049,84.57,DH002,2025-09-18,Premium collected after cancellation
RT000032,PET001811,CL000164,10.89,DH001,2026-01-05,Missed cancellation refund
RT000033,PET001974,CL000101,75.77,DH001,2026-02-05,Refund due following policy review
RT000034,PET000370,CL000133,37.57,FIN001,2025-04-09,Premium collected after cancellation
RT000035,PET002870,CL000094,2.05,FIN002,2026-07-18,Missed cancellation refund
RT000036,PET001003,CL000162,30.3,DH001,2025-08-05,Refund due following policy review
RT000037,PET000164,CL000048,3.7,FIN002,2025-02-14,Customer account correction
RT000038,PET001780,CL000114,33.66,FIN002,2026-01-04,Missed cancellation refund
RT000039,PET002068,CL000030,41.55,DH002,2026-02-17,Premium collected after cancellation
RT000040,PET001354,CL000084,18.67,FIN001,2025-10-01,Customer account correction
RT000041,PET000954,CL000162,58.53,DH001,2025-07-22,Refund due following policy review
RT000042,PET002071,CL000121,42.73,FIN002,2026-02-02,Customer account correction
RT000043,PET002339,CL000082,47.53,FIN001,2026-04-06,Premium collected after cancellation
RT000044,PET002557,CL000039,293.74,DH002,2026-05-06,Premium collected after cancellation
RT000045,PET001833,CL000171,126.99,DH001,2026-01-25,Refund due following policy review
RT000046,PET002179,CL000067,95.41,FIN002,2026-03-02,Missed cancellation refund
RT000047,PET002694,CL000163,30.74,DH002,2026-06-13,Missed cancellation refund
RT000048,PET001375,CL000030,27.88,FIN002,2025-10-18,Refund due following policy review
RT000049,PET001102,CL000017,46.37,FIN001,2025-08-16,Refund due following policy review
RT000050,PET002069,CL000039,11.24,FIN002,2026-02-21,Missed cancellation refund
RT000051,PET000876,CL000020,19.66,FIN002,2025-07-25,Refund due following policy review
RT000052,PET002492,CL000086,64.83,DH001,2026-05-12,Premium collected after cancellation
RT000053,PET001558,CL000137,28.16,DH002,2025-11-25,Refund due following policy review
RT000054,PET001092,CL000015,88.44,DH002,2025-08-10,Customer account correction
RT000055,PET000750,CL000123,296.59,DH002,2025-06-30,Missed cancellation refund
RT000056,PET002204,CL000160,17.0,DH001,2026-03-16,Customer account correction
RT000057,PET000413,CL000113,8.27,FIN001,2025-04-23,Premium collected after cancellation
RT000058,PET001614,CL000091,16.48,DH001,2025-12-27,Customer account correction
RT000059,PET001653,CL000199,66.44,FIN001,2025-12-24,Premium collected after cancellation
RT000060,PET001600,CL000146,26.74,FIN001,2025-11-26,Premium collected after cancellation
RT000061,PET001315,CL000056,47.72,FIN002,2025-10-17,Customer account correction
RT000062,PET001090,CL000050,38.85,FIN001,2025-08-02,Refund due following policy review
RT000063,PET000143,CL000148,18.44,DH002,2025-02-15,Missed cancellation refund
RT000064,PET000333,CL000098,36.43,FIN002,2025-03-06,Refund due following policy review
RT000065,PET000738,CL000013,47.86,DH002,2025-06-27,Customer account correction
RT000066,PET001692,CL000081,9.27,DH002,2025-12-08,Premium collected after cancellation
RT000067,PET001007,CL000186,47.31,FIN002,2025-08-07,Customer account correction
RT000068,PET000326,CL000130,31.73,DH002,2025-03-08,Refund due following policy review
RT000069,PET001592,CL000031,48.64,DH001,2025-11-20,Premium collected after cancellation
RT000070,PET001218,CL000189,5.63,DH002,2025-09-18,Missed cancellation refund
RT000071,PET000964,CL000151,8.91,FIN002,2025-07-29,Refund due following policy review
RT000072,PET002468,CL000075,38.15,DH001,2026-05-13,Missed cancellation refund
RT000073,PET000198,CL000078,15.85,DH002,2025-03-09,Customer account correction
RT000074,PET001210,CL000054,1.13,DH001,2025-09-02,Refund due following policy review
RT000075,PET001202,CL000106,21.99,FIN001,2025-09-01,Premium collected after cancellation
RT000076,PET000535,CL000052,24.07,DH002,2025-05-12,Missed cancellation refund
RT000077,PET002194,CL000122,26.8,DH002,2026-03-28,Refund due following policy review
RT000078,PET002531,CL000168,16.16,DH001,2026-05-16,Missed cancellation refund
RT000079,PET000534,CL000169,12.38,FIN001,2025-05-27,Premium collected after cancellation
RT000080,PET000644,CL000065,28.95,FIN001,2025-05-04,Customer account correction
RT000081,PET001672,CL000127,37.81,FIN002,2025-12-03,Customer account correction
RT000082,PET000757,CL000086,13.88,DH002,2025-06-26,Customer account correction
RT000083,PET001560,CL000054,236.99,DH001,2025-11-04,Customer account correction
RT000084,PET001870,CL000076,62.9,FIN002,2026-01-02,Refund due following policy review
RT000085,PET000441,CL000052,62.73,FIN001,2025-04-13,Missed cancellation refund
RT000086,PET000840,CL000028,62.04,FIN001,2025-07-28,Customer account correction
RT000087,PET000918,CL000162,24.29,DH001,2025-07-21,Customer account correction
RT000088,PET002465,CL000001,61.22,DH002,2026-05-03,Customer account correction
RT000089,PET001115,CL000051,74.77,FIN002,2025-08-26,Refund due following policy review
RT000090,PET002729,CL000053,16.48,FIN002,2026-07-26,Missed cancellation refund
RT000091,PET001896,CL000087,10.66,DH002,2026-01-25,Refund due following policy review
RT000092,PET001275,CL000029,25.79,FIN002,2025-09-28,Premium collected after cancellation
RT000093,PET001677,CL000060,80.26,FIN002,2025-12-08,Customer account correction
RT000094,PET002321,CL000035,13.03,DH002,2026-04-30,Premium collected after cancellation
RT000095,PET000033,CL000089,65.69,FIN002,2025-02-10,Premium collected after cancellation
RT000096,PET001161,CL000066,93.06,DH002,2025-09-25,Missed cancellation refund
RT000097,PET000069,CL000093,74.93,DH001,2025-02-18,Customer account correction
RT000098,PET001594,CL000065,58.92,FIN001,2025-11-24,Customer account correction
RT000099,PET002536,CL000187,60.35,FIN001,2026-05-19,Missed cancellation refund
RT000100,PET001817,CL000098,12.55,DH001,2026-01-20,Premium collected after cancellation
RT000101,PET002205,CL000055,43.52,FIN002,2026-03-19,Premium collected after cancellation
RT000102,PET000559,CL000125,52.78,DH001,2025-05-24,Premium collected after cancellation
RT000103,PET001911,CL000004,29.94,FIN002,2026-02-23,Customer account correction
RT000104,PET001758,CL000119,82.57,DH001,2026-01-05,Missed cancellation refund
RT000105,PET001549,CL000156,49.89,FIN002,2025-11-25,Premium collected after cancellation
RT000106,PET000946,CL000166,90.37,FIN002,2025-07-17,Missed cancellation refund
RT000107,PET002464,CL000176,79.41,FIN002,2026-05-10,Missed cancellation refund
RT000108,PET000702,CL000126,1.16,FIN001,2025-06-16,Customer account correction
RT000109,PET002596,CL000156,46.65,DH002,2026-06-30,Customer account correction
RT000110,PET000914,CL000019,65.75,FIN001,2025-07-26,Missed cancellation refund
RT000111,PET000473,CL000089,3.01,DH002,2025-05-26,Refund due following policy review
RT000112,PET002246,CL000086,71.94,FIN002,2026-03-14,Missed cancellation refund
RT000113,PET001742,CL000020,65.83,FIN001,2026-01-24,Missed cancellation refund
RT000114,PET002544,CL000119,5.18,DH002,2026-05-12,Premium collected after cancellation
RT000115,PET002405,CL000018,56.33,FIN001,2026-04-21,Missed cancellation refund
RT000116,PET002518,CL000081,33.72,FIN001,2026-05-20,Premium collected after cancellation
RT000117,PET002507,CL000173,34.68,DH001,2026-05-08,Customer account correction
RT000118,PET002129,CL000141,72.33,DH001,2026-03-08,Refund due following policy review
RT000119,PET001880,CL000165,2.26,DH001,2026-01-02,Refund due following policy review
RT000120,PET000513,CL000149,35.85,DH001,2025-05-05,Premium collected after cancellation
RT000121,PET000511,CL000074,115.4,DH002,2025-05-14,Missed cancellation refund
RT000122,PET002774,CL000146,232.58,FIN001,2026-07-15,Missed cancellation refund
RT000123,PET001844,CL000135,23.33,FIN001,2026-01-05,Premium collected after cancellation
RT000124,PET002760,CL000148,94.99,DH002,2026-07-13,Missed cancellation refund
RT000125,PET000601,CL000173,68.02,FIN002,2025-05-19,Customer account correction
RT000126,PET001951,CL000056,293.75,FIN001,2026-02-07,Customer account correction
RT000127,PET001479,CL000192,87.2,DH001,2025-11-11,Customer account correction
RT000128,PET000831,CL000018,43.2,FIN002,2025-07-12,Refund due following policy review
RT000129,PET000679,CL000030,56.83,FIN001,2025-06-16,Refund due following policy review
RT000130,PET000680,CL000072,58.54,FIN001,2025-06-11,Refund due following policy review
RT000131,PET000031,CL000090,41.82,FIN001,2025-02-23,Premium collected after cancellation
RT000132,PET000681,CL000046,11.39,FIN001,2025-06-10,Refund due following policy review
RT000133,PET001788,CL000044,62.29,DH001,2026-01-14,Customer account correction
RT000134,PET001409,CL000004,8.31,FIN001,2025-10-12,Customer account correction
RT000135,PET002139,CL000018,41.5,FIN002,2026-03-06,Refund due following policy review
RT000136,PET002330,CL000058,31.36,DH002,2026-04-21,Missed cancellation refund
RT000137,PET001718,CL000137,47.61,FIN001,2025-12-08,Refund due following policy review
RT000138,PET002856,CL000070,79.03,DH001,2026-07-09,Premium collected after cancellation
RT000139,PET000932,CL000190,116.3,DH002,2025-07-24,Refund due following policy review
RT000140,PET001016,CL000138,33.0,DH002,2025-08-29,Refund due following policy review
RT000141,PET001291,CL000076,44.62,FIN002,2025-09-21,Customer account correction
RT000142,PET000844,CL000044,67.39,DH001,2025-07-28,Premium collected after cancellation
RT000143,PET002767,CL000002,25.68,DH002,2026-07-26,Customer account correction
RT000144,PET000819,CL000054,29.65,DH002,2025-07-15,Customer account correction
RT000145,PET001387,CL000039,64.11,FIN002,2025-10-24,Premium collected after cancellation
RT000146,PET002812,CL000193,61.7,FIN002,2026-07-10,Premium collected after cancellation
RT000147,PET001973,CL000026,31.54,DH001,2026-02-14,Refund due following policy review
RT000148,PET000075,CL000113,9.15,DH001,2025-02-17,Customer account correction
RT000149,PET001294,CL000056,40.6,FIN002,2025-09-29,Refund due following policy review
RT000150,PET001661,CL000062,54.0,DH001,2025-12-26,Customer account correction
RT000151,PET000065,CL000127,33.93,FIN002,2025-02-15,Premium collected after cancellation
RT000152,PET001728,CL000128,7.28,DH002,2025-12-20,Refund due following policy review
RT000153,PET001478,CL000016,5.96,FIN002,2025-11-07,Premium collected after cancellation
RT000154,PET002181,CL000170,32.52,DH002,2026-03-25,Customer account correction
RT000155,PET000046,CL000110,4.89,DH002,2025-02-17,Premium collected after cancellation
RT000156,PET001999,CL000105,12.37,FIN001,2026-02-16,Refund due following policy review
RT000157,PET000213,CL000108,33.0,DH001,2025-03-23,Missed cancellation refund
RT000158,PET001797,CL000072,90.44,FIN001,2026-01-19,Customer account correction
RT000159,PET001340,CL000009,238.36,FIN001,2025-10-03,Premium collected after cancellation
RT000160,PET000082,CL000156,91.64,FIN002,2025-02-09,Premium collected after cancellation
RT000161,PET000944,CL000050,3.45,FIN002,2025-07-06,Refund due following policy review
RT000162,PET000196,CL000114,20.8,FIN001,2025-03-23,Premium collected after cancellation
RT000163,PET000809,CL000026,261.19,DH002,2025-07-02,Customer account correction
RT000164,PET001985,CL000104,299.85,DH002,2026-02-07,Refund due following policy review
RT000165,PET001490,CL000095,163.03,DH002,2025-11-18,Refund due following policy review
RT000166,PET001093,CL000176,72.49,FIN002,2025-08-21,Missed cancellation refund
RT000167,PET001077,CL000137,40.28,DH002,2025-08-16,Missed cancellation refund
RT000168,PET001401,CL000199,26.11,DH001,2025-10-26,Premium collected after cancellation
RT000169,PET000520,CL000197,10.91,DH002,2025-05-28,Customer account correction
RT000170,PET001626,CL000131,34.33,DH001,2025-12-04,Customer account correction
RT000171,PET001427,CL000198,38.01,DH001,2025-10-29,Refund due following policy review
RT000172,PET002235,CL000085,36.44,DH001,2026-03-19,Refund due following policy review
RT000173,PET002233,CL000113,2.77,FIN002,2026-03-20,Premium collected after cancellation
RT000174,PET002366,CL000127,28.34,FIN001,2026-04-03,Missed cancellation refund
RT000175,PET001874,CL000104,2.37,FIN001,2026-01-19,Missed cancellation refund
RT000176,PET000693,CL000109,19.97,DH002,2025-06-22,Premium collected after cancellation
RT000177,PET000180,CL000049,4.08,FIN001,2025-02-18,Premium collected after cancellation
RT000178,PET000600,CL000089,30.31,DH001,2025-05-03,Missed cancellation refund
RT000179,PET002707,CL000008,35.71,FIN002,2026-06-16,Premium collected after cancellation
RT000180,PET000842,CL000049,33.77,FIN001,2025-07-29,Missed cancellation refund
RT000181,PET001639,CL000060,22.51,FIN002,2025-12-22,Refund due following policy review
RT000182,PET000905,CL000034,31.18,DH001,2025-07-05,Customer account correction
RT000183,PET001793,CL000183,102.07,DH002,2026-01-29,Refund due following policy review
RT000184,PET000045,CL000104,92.03,FIN001,2025-03-01,Premium collected after cancellation
RT000185,PET000300,CL000001,1.35,DH002,2025-03-06,Premium collected after cancellation
RT000186,PET000324,CL000031,27.15,DH002,2025-03-25,Premium collected after cancellation
RT000187,PET002601,CL000052,23.92,DH001,2026-06-13,Missed cancellation refund
RT000188,PET001191,CL000104,22.58,DH002,2025-09-18,Refund due following policy review
RT000189,PET002807,CL000109,11.58,DH001,2026-07-14,Refund due following policy review
RT000190,PET002314,CL000133,43.06,DH002,2026-04-24,Missed cancellation refund
RT000191,PET001752,CL000187,46.83,FIN001,2026-01-30,Premium collected after cancellation
RT000192,PET001135,CL000083,23.07,FIN001,2025-08-24,Premium collected after cancellation
RT000193,PET001509,CL000151,78.45,FIN001,2025-11-28,Missed cancellation refund
RT000194,PET001095,CL000037,4.4,DH002,2025-08-29,Refund due following policy review
RT000195,PET000095,CL000114,1.27,FIN002,2025-02-03,Refund due following policy review
RT000196,PET001126,CL000145,112.63,DH001,2025-08-08,Refund due following policy review
RT000197,PET000177,CL000071,9.51,DH002,2025-02-22,Refund due following policy review
RT000198,PET001439,CL000021,38.37,DH001,2025-10-18,Customer account correction
RT000199,PET001553,CL000170,7.95,DH002,2025-11-02,Customer account correction
RT000200,PET001049,CL000125,29.8,FIN002,2025-08-03,Refund due following policy review
RT000201,PET002820,CL000026,4.4,DH002,2026-07-16,Customer account correction
RT000202,PET002449,CL000010,48.21,FIN002,2026-05-19,Premium collected after cancellation
RT000203,PET002562,CL000091,34.53,DH002,2026-06-06,Customer account correction
RT000204,PET002035,CL000095,1.87,FIN001,2026-02-06,Customer account correction
RT000205,PET000847,CL000059,16.7,DH002,2025-07-04,Refund due following policy review
RT000206,PET001108,CL000007,46.23,DH002,2025-08-17,Customer account correction
RT000207,PET000410,CL000111,25.78,FIN002,2025-04-01,Refund due following policy review
RT000208,PET001099,CL000133,47.73,FIN002,2025-08-18,Refund due following policy review
RT000209,PET000569,CL000081,14.44,DH002,2025-05-15,Premium collected after cancellation
RT000210,PET002804,CL000030,11.03,FIN002,2026-07-14,Customer account correction
RT000211,PET001425,CL000043,48.25,DH002,2025-10-21,Refund due following policy review
RT000212,PET000356,CL000143,24.81,FIN001,2025-04-16,Customer account correction
RT000213,PET002371,CL000068,5.41,FIN002,2026-04-22,Premium collected after cancellation
RT000214,PET001809,CL000148,88.81,DH002,2026-01-23,Customer account correction
RT000215,PET002188,CL000182,24.02,FIN001,2026-03-28,Missed cancellation refund
RT000216,PET001723,CL000065,87.56,DH002,2025-12-24,Missed cancellation refund
RT000217,PET000767,CL000169,255.64,DH001,2025-06-16,Refund due following policy review
RT000218,PET002022,CL000125,1.09,DH001,2026-02-15,Refund due following policy review
RT000219,PET002127,CL000015,22.66,DH002,2026-03-08,Customer account correction
RT000220,PET000537,CL000055,270.26,FIN002,2025-05-18,Premium collected after cancellation
RT000221,PET002125,CL000036,37.3,DH001,2026-03-05,Refund due following policy review
RT000222,PET000412,CL000029,71.18,DH002,2025-04-28,Refund due following policy review
RT000223,PET000978,CL000114,44.18,FIN001,2025-08-26,Customer account correction
RT000224,PET000695,CL000142,62.87,DH001,2025-06-04,Refund due following policy review
RT000225,PET000583,CL000007,49.25,FIN001,2025-05-24,Premium collected after cancellation
RT000226,PET002608,CL000126,85.79,DH002,2026-06-04,Customer account correction
RT000227,PET000311,CL000058,66.61,FIN002,2025-03-22,Missed cancellation refund
RT000228,PET000416,CL000003,6.77,FIN001,2025-04-03,Customer account correction
RT000229,PET000459,CL000198,66.38,FIN001,2025-04-15,Missed cancellation refund
RT000230,PET001238,CL000024,25.52,DH001,2025-09-20,Premium collected after cancellation
RT000231,PET000072,CL000198,70.75,DH002,2025-02-22,Customer account correction
RT000232,PET001060,CL000063,271.51,FIN002,2025-08-13,Refund due following policy review
RT000233,PET000607,CL000197,8.43,DH001,2025-05-28,Customer account correction
RT000234,PET002561,CL000177,42.42,FIN002,2026-06-24,Refund due following policy review
RT000235,PET000422,CL000041,32.3,DH002,2025-04-07,Refund due following policy review
RT000236,PET000058,CL000182,20.98,FIN001,2025-02-21,Premium collected after cancellation
RT000237,PET002086,CL000112,43.23,FIN001,2026-02-22,Missed cancellation refund
RT000238,PET001618,CL000188,169.87,DH002,2025-12-11,Missed cancellation refund
RT000239,PET001420,CL000157,20.63,DH002,2025-10-23,Premium collected after cancellation
RT000240,PET001189,CL000021,27.77,FIN001,2025-09-27,Missed cancellation refund
RT000241,PET002842,CL000071,7.68,DH001,2026-07-25,Refund due following policy review
RT000242,PET002470,CL000141,152.18,FIN001,2026-05-23,Customer account correction
RT000243,PET000104,CL000079,4.26,DH001,2025-02-20,Customer account correction
RT000244,PET000404,CL000073,30.71,FIN001,2025-04-09,Premium collected after cancellation
RT000245,PET000452,CL000101,33.85,FIN001,2025-04-24,Customer account correction
RT000246,PET000604,CL000012,77.86,DH001,2025-05-11,Customer account correction
RT000247,PET000960,CL000051,213.6,FIN002,2025-07-16,Customer account correction
RT000248,PET001262,CL000088,2.34,DH002,2025-09-10,Premium collected after cancellation
RT000249,PET002349,CL000101,19.23,FIN002,2026-04-10,Premium collected after cancellation
RT000250,PET002399,CL000170,7.11,DH001,2026-04-05,Customer account correction
RT000251,PET000811,CL000090,282.81,DH001,2025-07-29,Missed cancellation refund
RT000252,PET001073,CL000039,72.26,DH002,2025-08-05,Premium collected after cancellation
RT000253,PET000389,CL000004,7.8,DH001,2025-04-03,Missed cancellation refund
RT000254,PET001454,CL000196,53.06,DH002,2025-10-29,Customer account correction
RT000255,PET001000,CL000188,53.19,FIN001,2025-08-17,Refund due following policy review
RT000256,PET000126,CL000022,24.43,DH001,2025-02-14,Missed cancellation refund
RT000257,PET001674,CL000192,56.8,FIN001,2025-12-23,Missed cancellation refund
RT000258,PET001967,CL000177,25.35,DH001,2026-02-12,Refund due following policy review
RT000259,PET002655,CL000022,48.19,DH001,2026-06-04,Refund due following policy review
RT000260,PET002758,CL000018,82.63,FIN001,2026-07-22,Customer account correction
RT000261,PET002590,CL000009,27.84,FIN002,2026-06-06,Premium collected after cancellation
RT000262,PET002714,CL000148,39.07,DH001,2026-06-17,Customer account correction
RT000263,PET001617,CL000028,1.21,DH002,2025-12-29,Premium collected after cancellation
RT000264,PET002097,CL000084,41.28,FIN002,2026-03-01,Customer account correction
RT000265,PET001611,CL000157,34.52,FIN002,2025-12-11,Missed cancellation refund
RT000266,PET001002,CL000029,72.14,FIN001,2025-08-24,Missed cancellation refund
RT000267,PET001130,CL000200,2.84,DH002,2025-08-19,Missed cancellation refund
RT000268,PET000509,CL000129,63.86,DH002,2025-05-15,Premium collected after cancellation
RT000269,PET002316,CL000011,29.51,FIN001,2026-04-05,Customer account correction
RT000270,PET000556,CL000119,1.93,FIN001,2025-05-12,Missed cancellation refund
RT000271,PET001376,CL000153,31.08,DH002,2025-10-20,Premium collected after cancellation
RT000272,PET000774,CL000058,4.56,DH001,2025-06-30,Missed cancellation refund
RT000273,PET000235,CL000196,84.06,DH001,2025-03-01,Customer account correction
RT000274,PET000320,CL000042,236.68,FIN002,2025-03-22,Refund due following policy review
RT000275,PET000488,CL000060,107.39,DH002,2025-05-26,Customer account correction
RT000276,PET000465,CL000109,72.73,DH002,2025-04-29,Refund due following policy review
RT000277,PET002114,CL000185,87.36,DH002,2026-03-13,Refund due following policy review
RT000278,PET002657,CL000071,96.64,FIN002,2026-06-04,Customer account correction
RT000279,PET001070,CL000059,35.89,DH001,2025-08-09,Missed cancellation refund
RT000280,PET001568,CL000064,23.22,DH001,2025-11-26,Customer account correction
RT000281,PET000323,CL000194,39.54,DH002,2025-03-27,Refund due following policy review
RT000282,PET002609,CL000197,12.29,DH002,2026-06-20,Refund due following policy review
RT000283,PET002811,CL000089,12.6,FIN001,2026-07-04,Premium collected after cancellation
RT000284,PET000761,CL000018,30.96,DH002,2025-06-04,Customer account correction
RT000285,PET001705,CL000063,116.51,DH002,2025-12-15,Premium collected after cancellation
RT000286,PET002721,CL000126,3.63,FIN002,2026-06-18,Missed cancellation refund
RT000287,PET001790,CL000073,50.95,DH001,2026-01-01,Customer account correction
RT000288,PET001295,CL000154,28.66,FIN001,2025-09-21,Missed cancellation refund
RT000289,PET000566,CL000194,18.42,FIN001,2025-05-17,Missed cancellation refund
RT000290,PET001733,CL000143,44.69,DH002,2025-12-01,Refund due following policy review
RT000291,PET001378,CL000010,63.27,FIN002,2025-10-03,Missed cancellation refund
RT000292,PET001622,CL000095,91.1,DH002,2025-12-14,Customer account correction
RT000293,PET002156,CL000070,6.2,FIN002,2026-03-22,Premium collected after cancellation
RT000294,PET000800,CL000122,4.82,DH002,2025-06-25,Missed cancellation refund
RT000295,PET001232,CL000059,9.54,FIN001,2025-09-13,Customer account correction
RT000296,PET000030,CL000106,93.2,FIN001,2025-02-09,Refund due following policy review
RT000297,PET001869,CL000148,59.34,FIN002,2026-01-30,Premium collected after cancellation
RT000298,PET000864,CL000044,37.99,DH002,2025-07-14,Refund due following policy review
RT000299,PET002353,CL000073,70.89,DH002,2026-04-10,Refund due following policy review
RT000300,PET002673,CL000030,11.11,DH001,2026-06-14,Missed cancellation refund
RT000301,PET002675,CL000099,95.37,DH002,2026-06-01,Customer account correction
RT000302,PET001046,CL000194,168.28,FIN002,2025-08-10,Premium collected after cancellation
RT000303,PET000190,CL000195,4.35,DH001,2025-02-16,Refund due following policy review
RT000304,PET000172,CL000108,45.65,FIN002,2025-02-28,Customer account correction
RT000305,PET000508,CL000053,3.68,FIN001,2025-05-23,Refund due following policy review
RT000306,PET000044,CL000091,25.61,DH001,2025-02-24,Refund due following policy review
RT000307,PET000089,CL000126,96.95,DH002,2025-02-17,Premium collected after cancellation
RT000308,PET000570,CL000123,56.68,FIN001,2025-05-04,Missed cancellation refund
RT000309,PET000731,CL000169,3.36,DH002,2025-06-12,Premium collected after cancellation
RT000310,PET000284,CL000002,36.5,DH001,2025-03-30,Customer account correction
RT000311,PET000861,CL000035,37.03,FIN001,2025-07-02,Refund due following policy review
RT000312,PET001438,CL000048,1.95,FIN001,2025-10-27,Premium collected after cancellation
RT000313,PET002013,CL000102,22.06,DH001,2026-02-21,Customer account correction
RT000314,PET002431,CL000141,28.25,DH002,2026-05-09,Customer account correction
RT000315,PET001241,CL000200,40.84,DH001,2025-09-24,Customer account correction
RT000316,PET001112,CL000196,1.21,FIN001,2025-08-26,Premium collected after cancellation
RT000317,PET002348,CL000196,223.3,FIN001,2026-04-02,Refund due following policy review
RT000318,PET000151,CL000036,34.53,FIN001,2025-02-04,Refund due following policy review
RT000319,PET002304,CL000197,94.16,FIN002,2026-04-20,Premium collected after cancellation
RT000320,PET000744,CL000135,134.97,FIN002,2025-06-30,Premium collected after cancellation
RT000321,PET000432,CL000097,11.77,DH002,2025-04-01,Missed cancellation refund
RT000322,PET001325,CL000015,72.46,DH001,2025-10-20,Premium collected after cancellation
RT000323,PET002748,CL000047,34.82,FIN001,2026-07-05,Refund due following policy review
RT000324,PET001059,CL000011,16.21,FIN002,2025-08-20,Customer account correction
RT000325,PET000136,CL000178,198.25,FIN002,2025-02-19,Customer account correction
RT000326,PET000567,CL000126,26.52,DH001,2025-05-03,Missed cancellation refund
RT000327,PET002364,CL000141,16.16,DH001,2026-04-21,Refund due following policy review
RT000328,PET001959,CL000014,12.18,DH001,2026-02-27,Missed cancellation refund
RT000329,PET001513,CL000072,86.56,DH001,2025-11-26,Refund due following policy review
RT000330,PET000425,CL000183,59.21,FIN001,2025-04-01,Premium collected after cancellation
RT000331,PET001740,CL000002,10.4,FIN001,2026-01-08,Premium collected after cancellation
RT000332,PET002678,CL000193,68.1,DH002,2026-06-08,Refund due following policy review
RT000333,PET001590,CL000017,22.67,DH002,2025-11-14,Premium collected after cancellation
RT000334,PET000766,CL000157,49.41,FIN002,2025-06-05,Customer account correction
RT000335,PET002482,CL000099,84.03,DH002,2026-05-26,Refund due following policy review
RT000336,PET000223,CL000073,33.12,FIN002,2025-03-24,Customer account correction
RT000337,PET001750,CL000145,20.39,FIN002,2026-01-25,Refund due following policy review
RT000338,PET001096,CL000107,28.1,DH002,2025-08-06,Premium collected after cancellation
RT000339,PET001297,CL000129,88.95,DH001,2025-10-01,Customer account correction
RT000340,PET000175,CL000018,0.82,FIN002,2025-02-28,Premium collected after cancellation
RT000341,PET001928,CL000131,92.48,FIN001,2026-02-09,Refund due following policy review
RT000342,PET000709,CL000001,291.51,DH002,2025-06-20,Missed cancellation refund
RT000343,PET001001,CL000014,35.36,FIN001,2025-08-28,Missed cancellation refund
RT000344,PET001620,CL000069,13.01,FIN001,2025-12-02,Refund due following policy review
RT000345,PET001455,CL000065,11.47,FIN002,2025-10-01,Missed cancellation refund
RT000346,PET002229,CL000131,45.2,DH002,2026-03-01,Customer account correction
RT000347,PET000792,CL000056,82.71,FIN002,2025-06-05,Customer account correction
RT000348,PET000316,CL000108,283.18,FIN002,2025-03-02,Refund due following policy review
RT000349,PET000154,CL000005,26.76,DH001,2025-02-25,Refund due following policy review
RT000350,PET000891,CL000120,96.23,DH001,2025-07-19,Refund due following policy review
RT000351,PET000274,CL000108,1.92,FIN001,2025-03-30,Missed cancellation refund
RT000352,PET000272,CL000050,4.52,DH001,2025-03-25,Premium collected after cancellation
RT000353,PET000438,CL000135,18.37,DH002,2025-04-29,Premium collected after cancellation
RT000354,PET002584,CL000044,174.25,DH002,2026-06-08,Customer account correction
RT000355,PET001246,CL000026,13.82,FIN002,2025-09-09,Missed cancellation refund
RT000356,PET002433,CL000176,17.27,FIN002,2026-05-26,Premium collected after cancellation
RT000357,PET001231,CL000060,266.96,DH001,2025-09-08,Premium collected after cancellation
RT000358,PET000769,CL000127,17.41,FIN002,2025-06-02,Missed cancellation refund
RT000359,PET000480,CL000016,42.51,DH001,2025-05-21,Missed cancellation refund
RT000360,PET002458,CL000095,47.58,FIN001,2026-05-25,Premium collected after cancellation
RT000361,PET002483,CL000113,47.65,FIN002,2026-05-30,Missed cancellation refund
RT000362,PET000259,CL000094,174.72,FIN002,2025-03-28,Missed cancellation refund
RT000363,PET001795,CL000112,47.55,DH001,2026-01-04,Premium collected after cancellation
RT000364,PET002045,CL000133,46.73,FIN002,2026-02-24,Missed cancellation refund
RT000365,PET001213,CL000112,23.13,DH001,2025-09-26,Refund due following policy review
RT000366,PET002532,CL000187,152.4,FIN001,2026-05-21,Missed cancellation refund
RT000367,PET001968,CL000164,34.79,DH002,2026-02-25,Premium collected after cancellation
RT000368,PET000256,CL000045,33.7,DH002,2025-03-26,Premium collected after cancellation
RT000369,PET000530,CL000037,5.42,DH001,2025-05-14,Customer account correction
RT000370,PET002868,CL000113,76.46,FIN002,2026-07-02,Refund due following policy review
RT000371,PET000947,CL000015,38.43,DH002,2025-07-14,Customer account correction
RT000372,PET000170,CL000107,12.32,FIN001,2025-02-07,Premium collected after cancellation
RT000373,PET002598,CL000135,36.85,DH002,2026-06-04,Premium collected after cancellation
RT000374,PET002444,CL000002,29.86,DH002,2026-05-04,Premium collected after cancellation
RT000375,PET002187,CL000097,54.21,FIN002,2026-03-21,Customer account correction
RT000376,PET000293,CL000010,39.23,DH001,2025-03-16,Customer account correction
RT000377,PET001180,CL000198,59.51,FIN001,2025-09-17,Customer account correction
RT000378,PET000687,CL000198,66.61,FIN001,2025-06-23,Customer account correction
RT000379,PET001280,CL000192,105.18,DH002,2025-09-17,Refund due following policy review
RT000380,PET001448,CL000139,8.54,DH002,2025-10-19,Refund due following policy review
RT000381,PET000137,CL000171,12.61,DH001,2025-02-03,Customer account correction
RT000382,PET000942,CL000072,92.0,FIN002,2025-07-26,Premium collected after cancellation
RT000383,PET002134,CL000137,66.04,FIN002,2026-03-14,Premium collected after cancellation
RT000384,PET000746,CL000010,278.5,DH001,2025-06-05,Customer account correction
RT000385,PET000369,CL000148,5.49,DH001,2025-04-25,Premium collected after cancellation
RT000386,PET002508,CL000134,21.73,DH001,2026-05-23,Missed cancellation refund
RT000387,PET001339,CL000152,37.28,DH001,2025-10-02,Refund due following policy review
RT000388,PET000529,CL000025,16.69,FIN002,2025-05-06,Premium collected after cancellation
RT000389,PET001428,CL000142,3.08,FIN002,2025-10-01,Customer account correction
RT000390,PET001368,CL000123,20.42,DH001,2025-10-09,Customer account correction
RT000391,PET001137,CL000087,3.76,FIN001,2025-08-03,Premium collected after cancellation
RT000392,PET002599,CL000110,32.38,DH001,2026-06-22,Refund due following policy review
RT000393,PET000395,CL000154,210.91,DH002,2025-04-16,Customer account correction
RT000394,PET001027,CL000010,8.12,FIN001,2025-08-30,Refund due following policy review
RT000395,PET002085,CL000007,6.72,FIN001,2026-02-23,Missed cancellation refund
RT000396,PET001029,CL000083,0.75,FIN002,2025-08-19,Refund due following policy review
RT000397,PET001489,CL000025,84.34,DH001,2025-11-16,Refund due following policy review
RT000398,PET000212,CL000173,64.88,DH001,2025-03-02,Refund due following policy review
RT000399,PET002036,CL000158,26.44,DH002,2026-02-03,Missed cancellation refund
RT000400,PET001900,CL000165,22.24,DH002,2026-01-19,Premium collected after cancellation
RT000401,PET000367,CL000052,91.82,FIN002,2025-04-01,Customer account correction
RT000402,PET001754,CL000095,62.99,FIN002,2026-01-02,Missed cancellation refund
RT000403,PET000435,CL000161,43.01,DH002,2025-04-07,Premium collected after cancellation
RT000404,PET000434,CL000140,80.4,FIN002,2025-04-27,Premium collected after cancellation
RT000405,PET001766,CL000016,4.59,DH002,2026-01-14,Missed cancellation refund
RT000406,PET001034,CL000149,92.54,FIN001,2025-08-22,Missed cancellation refund
RT000407,PET001958,CL000167,57.15,DH002,2026-02-13,Premium collected after cancellation
RT000408,PET001031,CL000164,5.02,DH001,2025-08-06,Customer account correction
RT000409,PET000409,CL000082,15.99,FIN002,2025-04-12,Missed cancellation refund
RT000410,PET000110,CL000083,81.36,DH001,2025-02-03,Premium collected after cancellation
RT000411,PET001057,CL000194,17.12,DH001,2025-08-24,Missed cancellation refund
RT000412,PET002832,CL000097,53.85,DH001,2026-07-06,Refund due following policy review
RT000413,PET002651,CL000033,60.14,DH002,2026-06-12,Premium collected after cancellation
RT000414,PET001500,CL000086,18.73,DH001,2025-11-30,Customer account correction
RT000415,PET000334,CL000187,97.87,DH001,2025-03-18,Refund due following policy review
RT000416,PET001924,CL000106,10.92,FIN001,2026-02-14,Customer account correction
RT000417,PET001852,CL000025,43.41,FIN002,2026-01-17,Refund due following policy review
RT000418,PET002037,CL000079,15.53,DH001,2026-02-24,Premium collected after cancellation
RT000419,PET000417,CL000182,3.5,DH002,2025-04-08,Customer account correction
RT000420,PET001136,CL000184,74.84,FIN001,2025-08-20,Premium collected after cancellation
RT000421,PET000481,CL000165,4.7,FIN002,2025-05-27,Customer account correction
RT000422,PET002709,CL000195,270.87,FIN001,2026-06-18,Customer account correction
RT000423,PET000813,CL000190,23.41,FIN002,2025-07-14,Refund due following policy review
RT000424,PET001153,CL000089,57.39,FIN001,2025-08-05,Refund due following policy review
RT000425,PET000497,CL000027,96.24,DH002,2025-05-08,Premium collected after cancellation
RT000426,PET000201,CL000126,256.4,DH001,2025-03-29,Customer account correction
RT000427,PET002620,CL000024,34.31,FIN002,2026-06-17,Refund due following policy review
RT000428,PET002776,CL000116,68.7,FIN002,2026-07-10,Customer account correction
RT000429,PET000291,CL000118,8.69,DH001,2025-03-13,Premium collected after cancellation
RT000430,PET000248,CL000084,7.26,FIN001,2025-03-18,Customer account correction
RT000431,PET002289,CL000109,47.17,DH001,2026-04-17,Premium collected after cancellation
RT000432,PET001469,CL000092,48.54,FIN001,2025-11-21,Missed cancellation refund
RT000433,PET000748,CL000121,21.98,FIN002,2025-06-08,Missed cancellation refund
RT000434,PET000462,CL000001,91.04,DH001,2025-04-20,Refund due following policy review
RT000435,PET001198,CL000197,42.53,DH002,2025-09-14,Premium collected after cancellation
RT000436,PET001257,CL000041,8.94,DH001,2025-09-29,Missed cancellation refund
RT000437,PET000743,CL000180,23.81,FIN001,2025-06-05,Premium collected after cancellation
RT000438,PET000098,CL000034,33.46,FIN002,2025-02-05,Refund due following policy review
RT000439,PET001696,CL000143,295.34,DH001,2025-12-14,Premium collected after cancellation
RT000440,PET002135,CL000165,20.39,DH002,2026-03-16,Customer account correction
RT000441,PET000546,CL000143,88.97,FIN002,2025-05-21,Customer account correction
RT000442,PET002412,CL000182,22.83,DH002,2026-04-13,Refund due following policy review
RT000443,PET002427,CL000066,46.4,DH001,2026-05-28,Customer account correction
RT000444,PET000672,CL000029,4.47,DH002,2025-06-15,Premium collected after cancellation
RT000445,PET002743,CL000039,7.01,FIN001,2026-07-04,Missed cancellation refund
RT000446,PET002476,CL000113,7.17,FIN001,2026-05-04,Missed cancellation refund
RT000447,PET001856,CL000139,4.22,DH002,2026-01-30,Customer account correction
RT000448,PET001255,CL000179,1.52,FIN002,2025-09-05,Customer account correction
RT000449,PET000106,CL000081,32.94,FIN001,2025-03-01,Refund due following policy review
RT000450,PET002046,CL000006,201.91,DH002,2026-02-09,Missed cancellation refund
RT000451,PET000860,CL000075,37.63,FIN002,2025-07-03,Premium collected after cancellation
RT000452,PET001382,CL000151,83.2,FIN002,2025-10-10,Missed cancellation refund
RT000453,PET002727,CL000184,33.33,DH002,2026-06-19,Missed cancellation refund
RT000454,PET001582,CL000072,23.54,DH001,2025-11-13,Missed cancellation refund
RT000455,PET000931,CL000154,10.23,FIN001,2025-07-24,Refund due following policy review
RT000456,PET002626,CL000139,4.29,FIN001,2026-06-19,Missed cancellation refund
RT000457,PET000796,CL000146,24.55,DH001,2025-06-13,Customer account correction
RT000458,PET002690,CL000137,33.26,FIN001,2026-06-20,Premium collected after cancellation
RT000459,PET002094,CL000147,51.16,FIN002,2026-03-02,Premium collected after cancellation
RT000460,PET000228,CL000037,5.85,DH001,2025-03-13,Refund due following policy review
RT000461,PET000233,CL000018,2.55,FIN001,2025-03-05,Customer account correction
RT000462,PET001290,CL000041,40.01,DH001,2025-09-13,Premium collected after cancellation
RT000463,PET000253,CL000108,45.39,FIN001,2025-03-26,Missed cancellation refund
RT000464,PET000113,CL000182,27.58,DH002,2025-02-07,Missed cancellation refund
RT000465,PET000053,CL000023,28.04,DH001,2025-03-01,Customer account correction
RT000466,PET001603,CL000086,81.18,FIN002,2025-12-18,Missed cancellation refund
RT000467,PET000843,CL000010,19.56,DH001,2025-07-19,Refund due following policy review
RT000468,PET002275,CL000020,36.31,FIN001,2026-03-10,Premium collected after cancellation
RT000469,PET001192,CL000063,53.24,DH001,2025-09-28,Customer account correction
RT000470,PET001943,CL000033,38.76,FIN002,2026-02-02,Missed cancellation refund
RT000471,PET002814,CL000167,67.62,FIN001,2026-07-09,Customer account correction
RT000472,PET000929,CL000123,35.72,FIN002,2025-07-13,Refund due following policy review
RT000473,PET000500,CL000009,52.99,DH002,2025-05-15,Premium collected after cancellation
RT000474,PET002018,CL000177,54.54,DH002,2026-02-15,Missed cancellation refund
RT000475,PET001019,CL000100,2.64,FIN001,2025-08-05,Customer account correction
RT000476,PET001467,CL000143,35.41,FIN002,2025-11-07,Premium collected after cancellation
RT000477,PET000466,CL000069,31.85,FIN002,2025-04-03,Premium collected after cancellation
RT000478,PET002424,CL000034,11.54,DH001,2026-05-18,Premium collected after cancellation
RT000479,PET001589,CL000047,110.02,FIN001,2025-11-11,Missed cancellation refund
RT000480,PET001194,CL000010,172.92,DH001,2025-09-17,Premium collected after cancellation
RT000481,PET001163,CL000080,38.16,DH002,2025-09-18,Missed cancellation refund
RT000482,PET002548,CL000159,94.71,FIN002,2026-05-22,Missed cancellation refund
RT000483,PET000487,CL000015,38.84,DH002,2025-05-17,Premium collected after cancellation
RT000484,PET001679,CL000168,28.48,FIN002,2025-12-20,Missed cancellation refund
RT000485,PET001263,CL000145,13.85,DH002,2025-09-18,Premium collected after cancellation
RT000486,PET000214,CL000116,93.28,DH001,2025-03-20,Customer account correction
RT000487,PET002021,CL000092,1.94,DH002,2026-02-19,Missed cancellation refund
RT000488,PET002056,CL000084,16.01,FIN001,2026-02-10,Missed cancellation refund
RT000489,PET001419,CL000047,11.82,FIN002,2025-10-08,Missed cancellation refund
RT000490,PET000424,CL000158,32.69,FIN001,2025-04-24,Refund due following policy review
RT000491,PET001379,CL000190,93.93,FIN002,2025-10-11,Premium collected after cancellation
RT000492,PET000315,CL000131,95.51,FIN002,2025-03-17,Premium collected after cancellation
RT000493,PET000652,CL000085,28.18,FIN002,2025-06-06,Missed cancellation refund
RT000494,PET002173,CL000112,150.89,FIN001,2026-03-13,Premium collected after cancellation
RT000495,PET002828,CL000141,27.83,DH002,2026-07-16,Premium collected after cancellation
RT000496,PET002453,CL000177,1.83,DH002,2026-05-19,Premium collected after cancellation
RT000497,PET000664,CL000078,88.43,DH001,2025-06-16,Refund due following policy review
RT000498,PET002556,CL000087,67.72,DH002,2026-05-11,Customer account correction
RT000499,PET001699,CL000183,58.42,FIN002,2025-12-29,Premium collected after cancellation
RT000500,PET000220,CL000168,8.73,DH002,2025-03-16,Customer account correction
RT000501,PET002467,CL000038,2.57,DH002,2026-05-19,Premium adjustment following review
RT000502,PET002111,CL000088,129.13,DH001,2026-03-19,Refund processed after account recalculation
RT000503,PET002273,CL000040,8.26,FIN001,2026-03-06,Premium adjustment following review
RT000504,PET001792,CL000103,12.27,DH002,2026-01-17,Account balance correction
RT000505,PET000289,CL000108,73.23,FIN001,2025-03-16,Account balance correction
RT000506,PET002331,CL000003,53.21,DH002,2026-04-12,Manual accounting correction
RT000507,PET001537,CL000174,6.64,FIN002,2025-11-23,Manual accounting correction
RT000508,PET001446,CL000175,209.69,DH001,2025-10-21,Premium adjustment following review
RT000509,PET001216,CL000107,13.48,FIN002,2025-09-16,Manual accounting correction
RT000510,PET000659,CL000131,49.83,DH001,2025-06-22,Refund processed after account recalculation
RT000511,PET001443,CL000163,41.94,FIN001,2025-10-23,Manual accounting correction
RT000512,PET001044,CL000090,7.24,DH002,2025-08-18,Manual accounting correction
RT000513,PET001502,CL000009,39.3,DH002,2025-11-09,Refund processed after account recalculation
RT000514,PET000200,CL000167,108.15,DH001,2025-03-23,Premium adjustment following review
RT000515,PET001571,CL000186,223.25,FIN001,2025-11-22,Refund processed after account recalculation
RT000516,PET002343,CL000076,116.0,DH001,2026-04-30,Premium adjustment following review
RT000517,PET001989,CL000134,30.78,FIN001,2026-02-05,Premium adjustment following review
RT000518,PET002379,CL000088,179.61,FIN001,2026-04-13,Refund processed after account recalculation
RT000519,PET002485,CL000136,25.38,FIN002,2026-05-28,Refund processed after account recalculation
RT000520,PET001167,CL000043,6.4,FIN001,2025-09-16,Refund processed after account recalculation
RT000521,PET001546,CL000052,16.75,DH002,2025-11-29,Premium adjustment following review
RT000522,PET002006,CL000117,49.89,FIN001,2026-02-01,Premium adjustment following review
RT000523,PET001990,CL000055,146.47,FIN002,2026-02-02,Account balance correction
RT000524,PET000839,CL000099,205.18,DH002,2025-07-24,Refund processed after account recalculation
RT000525,PET002104,CL000069,18.28,DH001,2026-03-11,Refund processed after account recalculation
RT000526,PET000019,CL000098,3.16,FIN002,2025-02-16,Manual accounting correction
RT000527,PET002058,CL000002,26.03,DH001,2026-02-13,Refund processed after account recalculation
RT000528,PET002334,CL000085,36.59,FIN001,2026-04-13,Premium adjustment following review
RT000529,PET001492,CL000087,29.08,DH001,2025-11-29,Account balance correction
RT000530,PET000265,CL000027,2.54,DH001,2025-03-03,Account balance correction
RT000531,PET002520,CL000140,18.18,FIN002,2026-05-24,Premium adjustment following review
RT000532,PET002512,CL000087,28.67,DH001,2026-05-27,Premium adjustment following review
RT000533,PET001400,CL000137,100.58,FIN001,2025-10-20,Premium adjustment following review
RT000534,PET002411,CL000162,28.6,FIN001,2026-04-12,Premium adjustment following review
RT000535,PET001423,CL000029,48.32,DH001,2025-10-05,Manual accounting correction
RT000536,PET001897,CL000050,73.96,DH001,2026-01-21,Account balance correction
RT000537,PET002031,CL000192,32.41,FIN002,2026-02-15,Premium adjustment following review
RT000538,PET002063,CL000126,27.84,FIN001,2026-02-05,Account balance correction
RT000539,PET001127,CL000122,85.52,DH001,2025-08-11,Premium adjustment following review
RT000540,PET002218,CL000105,298.69,FIN002,2026-03-29,Refund processed after account recalculation
RT000541,PET002123,CL000017,121.32,DH002,2026-03-08,Account balance correction
RT000542,PET002871,CL000042,5.9,DH001,2026-07-06,Premium adjustment following review
RT000543,PET001687,CL000116,10.31,FIN002,2025-12-21,Account balance correction
RT000544,PET002369,CL000128,74.77,DH001,2026-04-06,Manual accounting correction
RT000545,PET002595,CL000093,47.37,FIN001,2026-06-28,Refund processed after account recalculation
RT000546,PET000152,CL000005,40.66,FIN002,2025-02-26,Account balance correction
RT000547,PET000495,CL000159,44.5,FIN001,2025-05-30,Account balance correction
RT000548,PET001765,CL000041,238.39,FIN001,2026-01-28,Account balance correction
RT000549,PET002855,CL000085,23.42,DH002,2026-07-08,Premium adjustment following review
RT000550,PET002227,CL000103,60.26,DH001,2026-03-07,Manual accounting correction
RT000551,PET001149,CL000070,4.97,FIN001,2025-08-11,Refund processed after account recalculation
RT000552,PET001338,CL000188,8.03,FIN002,2025-10-15,Manual accounting correction
RT000553,PET002032,CL000112,39.99,DH001,2026-02-27,Premium adjustment following review
RT000554,PET002418,CL000143,48.41,FIN002,2026-05-23,Premium adjustment following review
RT000555,PET000720,CL000189,7.41,DH002,2025-06-20,Premium adjustment following review
RT000556,PET002391,CL000146,147.01,FIN001,2026-04-27,Account balance correction
RT000557,PET002429,CL000151,1.69,DH001,2026-05-20,Manual accounting correction
RT000558,PET002733,CL000008,43.12,FIN001,2026-07-12,Account balance correction
RT000559,PET002867,CL000160,33.91,DH001,2026-07-13,Premium adjustment following review
RT000560,PET001006,CL000147,79.44,DH002,2025-08-16,Refund processed after account recalculation
RT000561,PET001197,CL000026,35.13,FIN001,2025-09-03,Account balance correction
RT000562,PET002869,CL000100,3.72,DH001,2026-07-23,Premium adjustment following review
RT000563,PET001642,CL000047,16.66,DH002,2025-12-20,Premium adjustment following review
RT000564,PET000516,CL000144,99.94,FIN001,2025-05-22,Premium adjustment following review
RT000565,PET001640,CL000190,16.63,DH001,2025-12-17,Account balance correction
RT000566,PET002138,CL000051,37.47,DH002,2026-03-24,Account balance correction
RT000567,PET002043,CL000179,79.01,DH002,2026-03-01,Account balance correction
RT000568,PET002287,CL000144,19.27,FIN001,2026-04-18,Premium adjustment following review
RT000569,PET001175,CL000158,242.29,FIN002,2025-09-14,Account balance correction
RT000570,PET000902,CL000059,32.11,FIN002,2025-07-04,Manual accounting correction
RT000571,PET001785,CL000045,4.0,DH001,2026-01-24,Account balance correction
RT000572,PET002030,CL000133,70.01,DH001,2026-02-28,Refund processed after account recalculation
RT000573,PET000711,CL000134,98.18,DH001,2025-06-21,Refund processed after account recalculation
RT000574,PET000639,CL000129,38.5,FIN001,2025-05-26,Premium adjustment following review
RT000575,PET002652,CL000094,29.59,DH001,2026-06-26,Manual accounting correction
RT000576,PET002472,CL000038,71.7,DH001,2026-05-24,Account balance correction
RT000577,PET001753,CL000014,40.57,FIN002,2026-01-16,Account balance correction
RT000578,PET002671,CL000122,39.26,FIN002,2026-06-03,Premium adjustment following review
RT000579,PET000074,CL000199,17.05,FIN002,2025-02-01,Account balance correction
RT000580,PET000543,CL000038,60.95,DH002,2025-05-07,Premium adjustment following review
RT000581,PET001940,CL000073,96.08,DH002,2026-01-20,Earlier policy refund
RT000582,PET000714,CL000086,96.59,FIN002,2025-05-23,Historic account correction
RT000583,PET002261,CL000089,33.92,DH002,2026-02-23,Prior premium adjustment
RT000584,PET000049,CL000184,8.28,FIN002,2025-01-05,Earlier policy refund
RT000585,PET002376,CL000002,10.99,FIN002,2026-03-12,Historic account correction
RT000586,PET000815,CL000101,81.37,FIN002,2025-06-25,Earlier policy refund
RT000587,PET000805,CL000173,30.83,DH001,2025-06-10,Earlier policy refund
RT000588,PET001440,CL000138,5.01,FIN002,2025-09-18,Prior premium adjustment
RT000589,PET001056,CL000087,94.79,FIN001,2025-07-30,Earlier policy refund
RT000590,PET001181,CL000075,60.29,FIN002,2025-08-18,Historic account correction
RT000591,PET002821,CL000188,1.12,DH002,2026-06-25,Prior premium adjustment
RT000592,PET001404,CL000140,77.61,FIN002,2025-09-23,Previous cancellation refund
RT000593,PET002473,CL000109,4.18,FIN001,2026-04-03,Earlier policy refund
RT000594,PET001171,CL000029,20.64,DH001,2025-08-09,Historic account correction
RT000595,PET002004,CL000011,28.58,DH002,2026-01-27,Prior premium adjustment
RT000596,PET001217,CL000104,19.41,DH001,2025-08-05,Historic account correction
RT000597,PET000832,CL000117,35.65,FIN002,2025-06-13,Previous cancellation refund
RT000598,PET000444,CL000148,89.98,DH002,2025-03-04,Previous cancellation refund
RT000599,PET002041,CL000036,44.56,DH001,2026-01-08,Previous cancellation refund
RT000600,PET000273,CL000018,5.79,FIN001,2025-02-18,Earlier policy refund
RT000601,PET002232,CL000187,16.75,DH002,2026-02-12,Prior premium adjustment
RT000602,PET000294,CL000080,4.14,DH001,2025-02-12,Prior premium adjustment
RT000603,PET001875,CL000174,97.56,FIN002,2025-12-09,Earlier policy refund
RT000604,PET000226,CL000025,5.03,FIN002,2025-02-21,Prior premium adjustment
RT000605,PET001823,CL000149,290.28,FIN001,2025-12-21,Prior premium adjustment
RT000606,PET000335,CL000192,86.3,FIN001,2025-03-24,Previous cancellation refund
RT000607,PET001914,CL000113,73.56,DH002,2026-01-22,Historic account correction
RT000608,PET002016,CL000043,12.47,FIN001,2026-01-27,Historic account correction
RT000609,PET002406,CL000032,12.53,FIN001,2026-03-30,Prior premium adjustment
RT000610,PET001675,CL000194,43.29,DH001,2025-11-01,Earlier policy refund
RT000611,PET002040,CL000002,41.5,DH001,2026-01-29,Prior premium adjustment
RT000612,PET002866,CL000024,74.97,DH002,2026-06-03,Prior premium adjustment
RT000613,PET000553,CL000152,12.7,DH002,2025-04-30,Previous cancellation refund
RT000614,PET000489,CL000025,16.84,DH001,2025-04-06,Historic account correction
RT000615,PET001367,CL000126,38.7,DH001,2025-09-20,Previous cancellation refund
RT000616,PET000156,CL000068,59.62,FIN002,2025-01-15,Earlier policy refund
RT000617,PET002477,CL000027,52.75,DH002,2026-04-22,Prior premium adjustment
RT000618,PET001828,CL000069,26.21,FIN001,2025-12-16,Historic account correction
RT000619,PET002116,CL000159,47.99,FIN001,2026-02-15,Earlier policy refund
RT000620,PET001812,CL000144,38.01,FIN001,2025-12-15,Prior premium adjustment
RT000621,PET001684,CL000140,37.78,FIN001,2025-11-18,Previous cancellation refund
RT000622,PET002857,CL000059,75.56,DH002,2026-06-14,Previous cancellation refund
RT000623,PET002417,CL000056,292.64,FIN002,2026-04-05,Earlier policy refund
RT000624,PET001355,CL000115,52.3,DH002,2025-09-17,Prior premium adjustment
RT000625,PET001969,CL000114,97.45,FIN002,2026-01-20,Previous cancellation refund
RT000626,PET001615,CL000112,271.56,DH002,2025-11-26,Prior premium adjustment
RT000627,PET000403,CL000083,78.16,DH001,2025-03-20,Prior premium adjustment
RT000628,PET000871,CL000096,92.04,FIN002,2025-06-27,Earlier policy refund
RT000629,PET000641,CL000173,110.38,DH001,2025-04-25,Earlier policy refund
RT000630,PET001761,CL000020,5.69,FIN002,2025-12-02,Prior premium adjustment
RT000631,PET000115,CL000179,56.46,DH001,2025-01-29,Previous cancellation refund
RT000632,PET002737,CL000133,9.03,DH001,2026-06-16,Historic account correction
RT000633,PET001270,CL000186,140.84,FIN001,2025-08-06,Historic account correction
RT000634,PET002777,CL000032,15.79,FIN002,2026-06-01,Previous cancellation refund
RT000635,PET000957,CL000108,23.47,DH002,2025-06-26,Prior premium adjustment
RT000636,PET001154,CL000166,40.15,DH001,2025-08-26,Earlier policy refund
RT000637,PET000261,CL000033,10.08,DH001,2025-02-17,Previous cancellation refund
RT000638,PET000586,CL000198,54.47,FIN002,2025-04-13,Prior premium adjustment
RT000639,PET000380,CL000159,36.2,FIN001,2025-03-02,Historic account correction
RT000640,PET002430,CL000198,23.2,DH001,2026-04-24,Historic account correction
RT000641,PET000677,CL000185,281.75,FIN002,2025-06-25,Potential duplicate transaction
RT000642,PET001146,CL000003,286.03,DH001,2025-08-03,Duplicate refund record for review
RT000643,PET000619,CL000178,28.94,DH002,2025-05-10,Repeated accounting entry
RT000644,PET002344,CL000013,8.3,DH002,2026-04-21,Potential duplicate transaction
RT000645,PET000675,CL000180,89.62,FIN002,2025-06-04,Potential duplicate transaction
RT000646,PET002076,CL000056,38.51,DH001,2026-02-20,Potential duplicate transaction
RT000647,PET001588,CL000067,77.33,DH002,2025-11-22,Duplicate refund record for review
RT000648,PET000863,CL000061,77.34,DH001,2025-07-20,Potential duplicate transaction
RT000649,PET000721,CL000090,69.56,FIN002,2025-06-10,Potential duplicate transaction
RT000650,PET002185,CL000097,65.05,FIN001,2026-03-01,Potential duplicate transaction
RT000651,PET001533,CL000068,79.18,DH002,2025-11-27,Duplicate refund record for review
RT000652,PET002297,CL000059,20.58,DH002,2026-04-10,Potential duplicate transaction
RT000653,PET002202,CL000182,87.02,DH001,2026-03-25,Potential duplicate transaction
RT000654,PET002573,CL000118,22.14,FIN002,2026-06-06,Potential duplicate transaction
RT000655,PET001301,CL000194,138.95,FIN001,2025-10-05,Duplicate refund record for review
RT000656,PET002522,CL000094,83.01,DH002,2026-05-24,Potential duplicate transaction
RT000657,PET002027,CL000169,45.85,DH002,2026-03-01,Duplicate refund record for review
RT000658,PET000593,CL000155,36.94,FIN001,2025-05-26,Repeated accounting entry
RT000659,PET001158,CL000184,8.04,FIN001,2025-09-23,Repeated accounting entry
RT000660,PET000588,CL000122,34.02,DH002,2025-05-08,Repeated accounting entry
RT000661,PET002789,CL000165,9.61,DH002,2026-07-28,Potential duplicate transaction
RT000662,PET000725,CL000009,4.27,FIN001,2025-06-21,Duplicate refund record for review
RT000663,PET000185,CL000186,74.53,FIN001,2025-02-06,Repeated accounting entry
RT000664,PET001803,CL000163,13.76,FIN001,2026-01-04,Repeated accounting entry
RT000665,PET001357,CL000002,15.2,DH001,2025-10-27,Repeated accounting entry
RT000666,PET002195,CL000023,7.67,DH002,2026-03-09,Duplicate refund record for review
RT000667,PET002475,CL000061,234.45,FIN001,2026-05-23,Duplicate refund record for review
RT000668,PET002120,CL000017,3.65,FIN002,2026-03-05,Duplicate refund record for review
RT000669,PET001506,CL000134,20.24,FIN001,2025-11-09,Repeated accounting entry
RT000670,PET002461,CL000109,78.14,DH002,2026-05-09,Repeated accounting entry
RT000671,PET002144,CL000154,12.59,FIN001,2026-03-09,Repeated accounting entry
RT000672,PET001565,CL000151,98.75,DH001,2025-11-21,Repeated accounting entry
RT000673,PET002498,CL000086,53.21,DH001,2026-05-28,Duplicate refund record for review
RT000674,PET000219,CL000137,31.56,FIN001,2025-03-28,Duplicate refund record for review
RT000675,PET002677,CL000058,52.87,FIN002,2026-06-23,Repeated accounting entry
RT000676,PET000694,CL000130,71.68,FIN002,2025-06-07,Potential duplicate transaction
RT000677,PET002066,CL000042,267.93,FIN001,2026-03-01,Duplicate refund record for review
RT000678,PET000557,CL000074,62.83,DH001,2025-05-17,Potential duplicate transaction
RT000679,PET001952,CL000054,89.09,FIN002,2026-02-17,Repeated accounting entry
RT000680,PET002277,CL000055,37.46,DH002,2026-03-22,Duplicate refund record for review
RT000681,PET000677,CL000185,281.75,DH002,2025-06-24,Repeated accounting entry
RT000682,PET001146,CL000003,286.03,FIN002,2025-08-29,Duplicate refund record for review
RT000683,PET000619,CL000178,28.94,FIN001,2025-05-18,Duplicate refund record for review
RT000684,PET002344,CL000013,8.3,FIN001,2026-04-19,Repeated accounting entry
RT000685,PET000675,CL000180,89.62,DH002,2025-06-23,Repeated accounting entry
RT000686,PET002076,CL000056,38.51,FIN002,2026-02-08,Potential duplicate transaction
RT000687,PET001588,CL000067,77.33,DH002,2025-11-10,Duplicate refund record for review
RT000688,PET000863,CL000061,77.34,FIN001,2025-07-19,Potential duplicate transaction
RT000689,PET000721,CL000090,69.56,FIN002,2025-06-02,Duplicate refund record for review
RT000690,PET002185,CL000097,65.05,FIN001,2026-03-10,Duplicate refund record for review
RT000691,PET001533,CL000068,79.18,DH001,2025-11-22,Potential duplicate transaction
RT000692,PET002297,CL000059,20.58,DH002,2026-04-30,Potential duplicate transaction
RT000693,PET002202,CL000182,87.02,DH002,2026-03-16,Repeated accounting entry
RT000694,PET002573,CL000118,22.14,FIN002,2026-06-12,Duplicate refund record for review
RT000695,PET001301,CL000194,138.95,FIN001,2025-10-14,Duplicate refund record for review
RT000696,PET002522,CL000094,83.01,DH002,2026-05-21,Repeated accounting entry
RT000697,PET002027,CL000169,45.85,FIN001,2026-02-17,Repeated accounting entry
RT000698,PET000593,CL000155,36.94,FIN001,2025-05-01,Potential duplicate transaction
RT000699,PET001158,CL000184,8.04,DH002,2025-09-17,Duplicate refund record for review
RT000700,PET000588,CL000122,34.02,DH002,2025-05-13,Duplicate refund record for review
RT000701,PET002789,CL000165,9.61,FIN002,2026-07-22,Potential duplicate transaction
RT000702,PET000725,CL000009,4.27,FIN001,2025-06-27,Duplicate refund record for review
RT000703,PET000185,CL000186,74.53,DH001,2025-03-01,Duplicate refund record for review
RT000704,PET001803,CL000163,13.76,FIN001,2026-01-19,Repeated accounting entry
RT000705,PET001357,CL000002,15.2,FIN001,2025-10-11,Repeated accounting entry
RT000706,PET002195,CL000023,7.67,FIN001,2026-03-14,Repeated accounting entry
RT000707,PET002475,CL000061,234.45,FIN001,2026-05-06,Potential duplicate transaction
RT000708,PET002120,CL000017,3.65,FIN002,2026-03-29,Potential duplicate transaction
RT000709,PET001506,CL000134,20.24,DH002,2025-11-26,Duplicate refund record for review
RT000710,PET002461,CL000109,78.14,DH002,2026-05-26,Potential duplicate transaction
RT000711,PET002144,CL000154,12.59,DH001,2026-03-10,Repeated accounting entry
RT000712,PET001565,CL000151,98.75,FIN001,2025-11-10,Duplicate refund record for review
RT000713,PET002498,CL000086,53.21,DH002,2026-05-26,Potential duplicate transaction
RT000714,PET000219,CL000137,31.56,DH002,2025-03-17,Duplicate refund record for review
RT000715,PET002677,CL000058,52.87,FIN001,2026-06-22,Repeated accounting entry
RT000716,PET000694,CL000130,71.68,DH002,2025-06-15,Potential duplicate transaction
RT000717,PET002066,CL000042,267.93,DH002,2026-02-14,Duplicate refund record for review
RT000718,PET000557,CL000074,62.83,DH002,2025-05-19,Duplicate refund record for review
RT000719,PET001952,CL000054,89.09,DH002,2026-02-25,Repeated accounting entry
RT000720,PET002277,CL000055,37.46,DH001,2026-03-11,Potential duplicate transaction
RT000721,OTHER000001,EXT000001,199.2,DH002,2025-06-09,Unrelated policy refund
RT000722,OTHER000002,EXT000002,34.0,DH001,2026-06-18,Account correction
RT000723,OTHER000003,EXT000003,249.84,DH001,2026-06-11,Unrelated policy refund
RT000724,OTHER000004,EXT000004,53.32,DH001,2025-07-29,Account correction
RT000725,OTHER000005,EXT000005,127.34,FIN001,2026-03-19,Account correction
RT000726,OTHER000006,EXT000006,165.88,FIN002,2025-08-07,Unrelated policy refund
RT000727,OTHER000007,EXT000007,150.48,FIN002,2026-03-14,Premium adjustment
RT000728,OTHER000008,EXT000008,206.01,FIN001,2025-11-18,Historic cancellation refund
RT000729,OTHER000009,EXT000009,195.98,FIN002,2025-09-16,Historic cancellation refund
RT000730,OTHER000010,EXT000010,297.62,DH001,2025-03-12,Account correction
RT000731,OTHER000011,EXT000011,299.83,FIN002,2025-12-27,Historic cancellation refund
RT000732,OTHER000012,EXT000012,155.18,FIN002,2025-06-26,Historic cancellation refund
RT000733,OTHER000013,EXT000013,29.01,DH001,2025-04-30,Historic cancellation refund
RT000734,OTHER000014,EXT000014,218.49,DH002,2025-04-17,Account correction
RT000735,OTHER000015,EXT000015,293.01,FIN002,2026-06-25,Historic cancellation refund
RT000736,OTHER000016,EXT000016,95.84,DH002,2025-02-26,Premium adjustment
RT000737,OTHER000017,EXT000017,138.63,FIN002,2026-03-16,Unrelated policy refund
RT000738,OTHER000018,EXT000018,127.72,FIN002,2026-04-22,Account correction
RT000739,OTHER000019,EXT000019,15.9,DH002,2025-01-18,Premium adjustment
RT000740,OTHER000020,EXT000020,201.84,DH001,2025-11-21,Unrelated policy refund
RT000741,OTHER000021,EXT000021,106.32,DH002,2025-11-14,Account correction
RT000742,OTHER000022,EXT000022,236.35,DH001,2025-07-17,Historic cancellation refund
RT000743,OTHER000023,EXT000023,249.72,DH002,2026-01-02,Unrelated policy refund
RT000744,OTHER000024,EXT000024,246.46,FIN001,2025-08-13,Account correction
RT000745,OTHER000025,EXT000025,125.29,DH002,2025-08-30,Unrelated policy refund
RT000746,OTHER000026,EXT000026,96.8,DH001,2025-08-26,Premium adjustment
RT000747,OTHER000027,EXT000027,224.77,DH002,2026-03-17,Unrelated policy refund
RT000748,OTHER000028,EXT000028,240.52,FIN001,2025-12-15,Historic cancellation refund
RT000749,OTHER000029,EXT000029,147.63,DH001,2025-07-28,Unrelated policy refund
RT000750,OTHER000030,EXT000030,267.96,DH001,2026-05-25,Historic cancellation refund
RT000751,OTHER000031,EXT000031,43.6,FIN002,2026-03-18,Historic cancellation refund
RT000752,OTHER000032,EXT000032,263.78,DH001,2026-05-29,Historic cancellation refund
RT000753,OTHER000033,EXT000033,29.28,DH002,2026-02-06,Historic cancellation refund
RT000754,OTHER000034,EXT000034,46.48,DH001,2025-08-04,Unrelated policy refund
RT000755,OTHER000035,EXT000035,160.39,DH001,2026-03-02,Historic cancellation refund
RT000756,OTHER000036,EXT000036,20.72,DH002,2025-07-01,Premium adjustment
RT000757,OTHER000037,EXT000037,16.32,FIN001,2025-05-30,Historic cancellation refund
RT000758,OTHER000038,EXT000038,0.66,DH001,2025-09-06,Historic cancellation refund
RT000759,OTHER000039,EXT000039,131.18,DH001,2026-06-18,Premium adjustment
RT000760,OTHER000040,EXT000040,232.5,DH001,2025-11-09,Account correction
RT000761,OTHER000041,EXT000041,10.93,FIN001,2025-07-31,Unrelated policy refund
RT000762,OTHER000042,EXT000042,195.85,FIN002,2025-09-11,Unrelated policy refund
RT000763,OTHER000043,EXT000043,247.03,DH001,2025-06-10,Account correction
RT000764,OTHER000044,EXT000044,50.82,DH002,2025-12-29,Historic cancellation refund
RT000765,OTHER000045,EXT000045,44.49,DH002,2025-07-12,Premium adjustment
RT000766,OTHER000046,EXT000046,258.31,DH002,2025-11-01,Account correction
RT000767,OTHER000047,EXT000047,247.03,DH001,2025-07-23,Unrelated policy refund
RT000768,OTHER000048,EXT000048,161.91,DH001,2025-06-26,Premium adjustment
RT000769,OTHER000049,EXT000049,245.85,FIN001,2026-06-18,Premium adjustment
RT000770,OTHER000050,EXT000050,28.28,DH002,2025-07-10,Historic cancellation refund
RT000771,OTHER000051,EXT000051,118.65,DH002,2025-02-08,Premium adjustment
RT000772,OTHER000052,EXT000052,221.47,DH002,2025-07-28,Premium adjustment
RT000773,OTHER000053,EXT000053,77.61,FIN002,2025-10-20,Historic cancellation refund
RT000774,OTHER000054,EXT000054,225.82,FIN001,2025-02-22,Account correction
RT000775,OTHER000055,EXT000055,151.5,DH002,2025-06-18,Historic cancellation refund
RT000776,OTHER000056,EXT000056,225.2,DH001,2025-04-02,Account correction
RT000777,OTHER000057,EXT000057,139.67,FIN002,2025-10-03,Unrelated policy refund
RT000778,OTHER000058,EXT000058,110.69,FIN002,2026-02-02,Account correction
RT000779,OTHER000059,EXT000059,66.15,DH001,2026-06-17,Unrelated policy refund
RT000780,OTHER000060,EXT000060,62.91,FIN002,2025-08-03,Unrelated policy refund
RT000781,OTHER000061,EXT000061,225.57,FIN001,2026-04-20,Historic cancellation refund
RT000782,OTHER000062,EXT000062,36.11,DH001,2025-04-28,Historic cancellation refund
RT000783,OTHER000063,EXT000063,26.25,FIN002,2026-03-06,Unrelated policy refund
RT000784,OTHER000064,EXT000064,53.3,DH001,2025-11-06,Historic cancellation refund
RT000785,OTHER000065,EXT000065,53.02,DH001,2026-02-21,Unrelated policy refund
RT000786,OTHER000066,EXT000066,247.02,DH001,2026-02-20,Account correction
RT000787,OTHER000067,EXT000067,119.85,DH002,2025-10-20,Premium adjustment
RT000788,OTHER000068,EXT000068,297.12,FIN001,2025-05-22,Account correction
RT000789,OTHER000069,EXT000069,41.59,DH002,2025-10-17,Premium adjustment
RT000790,OTHER000070,EXT000070,196.24,DH001,2026-03-31,Historic cancellation refund
RT000791,OTHER000071,EXT000071,134.89,DH001,2026-06-18,Unrelated policy refund
RT000792,OTHER000072,EXT000072,118.18,FIN002,2026-05-26,Unrelated policy refund
RT000793,OTHER000073,EXT000073,262.59,FIN002,2025-04-10,Historic cancellation refund
RT000794,OTHER000074,EXT000074,292.69,FIN002,2025-11-25,Premium adjustment
RT000795,OTHER000075,EXT000075,261.92,DH001,2025-02-27,Premium adjustment
RT000796,OTHER000076,EXT000076,58.09,FIN002,2026-01-03,Account correction
RT000797,OTHER000077,EXT000077,66.63,FIN001,2026-06-30,Account correction
RT000798,OTHER000078,EXT000078,196.99,FIN001,2025-01-29,Premium adjustment
RT000799,OTHER000079,EXT000079,87.08,DH001,2025-12-28,Premium adjustment
RT000800,OTHER000080,EXT000080,220.55,FIN002,2026-06-05,Unrelated policy refund
RT000801,OTHER000081,EXT000081,170.14,DH002,2026-04-11,Premium adjustment
RT000802,OTHER000082,EXT000082,165.5,DH001,2025-08-04,Premium adjustment
RT000803,OTHER000083,EXT000083,248.65,DH001,2025-02-27,Unrelated policy refund
RT000804,OTHER000084,EXT000084,213.3,DH002,2026-05-24,Account correction
RT000805,OTHER000085,EXT000085,8.46,DH001,2026-05-22,Historic cancellation refund
RT000806,OTHER000086,EXT000086,15.31,DH002,2025-11-15,Premium adjustment
RT000807,OTHER000087,EXT000087,180.67,DH002,2026-06-23,Unrelated policy refund
RT000808,OTHER000088,EXT000088,146.11,FIN002,2025-01-03,Unrelated policy refund
RT000809,OTHER000089,EXT000089,78.43,DH001,2025-12-06,Premium adjustment
RT000810,OTHER000090,EXT000090,125.89,FIN001,2025-01-22,Account correction
RT000811,OTHER000091,EXT000091,227.49,FIN002,2026-05-30,Historic cancellation refund
RT000812,OTHER000092,EXT000092,248.07,FIN002,2026-01-10,Premium adjustment
RT000813,OTHER000093,EXT000093,168.59,FIN002,2026-05-18,Historic cancellation refund
RT000814,OTHER000094,EXT000094,115.92,DH001,2025-11-06,Unrelated policy refund
RT000815,OTHER000095,EXT000095,81.57,FIN002,2025-02-15,Account correction
RT000816,OTHER000096,EXT000096,156.81,FIN002,2025-01-15,Unrelated policy refund
RT000817,OTHER000097,EXT000097,94.77,DH002,2025-07-04,Premium adjustment
RT000818,OTHER000098,EXT000098,169.45,DH002,2026-02-13,Unrelated policy refund
RT000819,OTHER000099,EXT000099,203.16,FIN001,2025-03-25,Account correction
RT000820,OTHER000100,EXT000100,20.29,DH002,2026-04-14,Account correction
